{
  "Books": {
    "precision": 0.9640350877192982,
    "recall": 0.9333333333333333,
    "f1-score": 0.948435814455232,
    "support": 2355.0
  },
  "Clothing & Accessories": {
    "precision": 0.9644699140401146,
    "recall": 0.9705882352941176,
    "f1-score": 0.967519402127048,
    "support": 1734.0
  },
  "Electronics": {
    "precision": 0.927699530516432,
    "recall": 0.9307583608101743,
    "f1-score": 0.9292264284034799,
    "support": 2123.0
  },
  "Household": {
    "precision": 0.9400357233988262,
    "recall": 0.953909891248058,
    "f1-score": 0.9469219894615089,
    "support": 3862.0
  },
  "accuracy": 0.9470915227317848,
  "macro avg": {
    "precision": 0.9490600639186677,
    "recall": 0.9471474551714207,
    "f1-score": 0.9480259086118172,
    "support": 10074.0
  },
  "weighted avg": {
    "precision": 0.9472520875101409,
    "recall": 0.9470915227317848,
    "f1-score": 0.9470920604656847,
    "support": 10074.0
  }
}