{
  "Books": {
    "precision": 0.9752818733738075,
    "recall": 0.9549893842887474,
    "f1-score": 0.9650289637416863,
    "support": 2355.0
  },
  "Clothing & Accessories": {
    "precision": 0.9820809248554914,
    "recall": 0.9798154555940023,
    "f1-score": 0.98094688221709,
    "support": 1734.0
  },
  "Electronics": {
    "precision": 0.9604950023798191,
    "recall": 0.9505416862929816,
    "f1-score": 0.9554924242424242,
    "support": 2123.0
  },
  "Household": {
    "precision": 0.9596139192278385,
    "recall": 0.9782496116002072,
    "f1-score": 0.968842159251186,
    "support": 3862.0
  },
  "accuracy": 0.9672424061941632,
  "macro avg": {
    "precision": 0.9693679299592391,
    "recall": 0.9658990344439847,
    "f1-score": 0.9675776073630966,
    "support": 10074.0
  },
  "weighted avg": {
    "precision": 0.9673294601553512,
    "recall": 0.9672424061941632,
    "f1-score": 0.9672209588118773,
    "support": 10074.0
  }
}